filename,melasma
melasma39_jpg.rf.104b21c17ff22ea079df96eb03e1f411.jpg,1
melasma28_jpg.rf.5c1a74881a69b44181dbd2d164b02b79.jpg,1
melasma60_png_jpg.rf.2adbedff850ea535af47267cc03aadc6.jpg,1
melasma46_jpg.rf.6d5e38b2f7bf5aeddf1c7c80ca5f17e9.jpg,1
melasma41_jpg.rf.c06b6f004aaa22898c7dfd418a0c9fef.jpg,1
melasma41_jpg.rf.c158b4917a4965d9d4776e2d70a570a0.jpg,1
melasma45_jpg.rf.528b5e663bf8c6cad66044c8cbce2462.jpg,1
melasma39_jpg.rf.2b817534aecf05fe31ccbd8ee614fd27.jpg,1
melasma27_jpg.rf.4d3bb0498eed8b7be29b12ee4f2c7abf.jpg,1
melasma33_jpg.rf.6c5a88c7b43446fb5528029e960c9ed8.jpg,1
melasma6_jpg.rf.2ac509aaa225b105e20e2f5f879f8320.jpg,1
melasma53_png_jpg.rf.cfc2bfbb93c93b7a870da4c45796bf02.jpg,1
melasma27_jpg.rf.5c3fce5d86a60a8df2b1da52137ed823.jpg,1
melasma71_png_jpg.rf.feceb5c33bd343aa2294684bdb2c15f7.jpg,1
melasma17_jpg.rf.d2847248be07f428d9465146373497a0.jpg,1
melasma71_png_jpg.rf.a1c7e90d9f8ff4270cb4ab26a34e5ae7.jpg,1
melasma29_jpg.rf.2b819fde48406452c9a2f751e6ae35d1.jpg,1
melasma31_jpg.rf.0b7ca929ed88c1a61a55a0436d3e74d5.jpg,1
melasma1_jpg.rf.d51d8a3e1582c2c18622132f25cc377d.jpg,1
melasma68_png_jpg.rf.d5ae2a01d55e88b352b0b2908110019c.jpg,1
melasma53_png_jpg.rf.e3a97b8e3405aed55fbca553682e9e08.jpg,1
melasma28_jpg.rf.61a37d172469d63284e46cf3cc1e231b.jpg,1
melasma61_png_jpg.rf.371c334211904b1a2e0394e883d8273e.jpg,1
melasma62_png_jpg.rf.28e67000354fd997517df8df0271aafa.jpg,1
Melasma25_jpg.rf.482b122157d23b777732503172c4f778.jpg,1
melasma62_png_jpg.rf.6a71727245f5c14968962aa1c7e36e9d.jpg,1
melasma48_png_jpg.rf.465f35120b28101ff18602ac98bb6191.jpg,1
melasma31_jpg.rf.41e45c603fb90e07f10767748a8a1883.jpg,1
melasma46_jpg.rf.9fd6de8bae21c2669280a324c65b989b.jpg,1
melasma56_png_jpg.rf.5999f8d21957de889d1d3dfa45618dc4.jpg,1
melasma64_png_jpg.rf.4672d96d01a794556ddbed69ae896c9d.jpg,1
melasma18_jpg.rf.e39e91c256cacc7b6d7ecfeba1c29a3c.jpg,1
melasma30_jpg.rf.5d8803c183ddc4557f3172c445e47703.jpg,1
melasma44_jpg.rf.a676845963957b1744397967faa5a568.jpg,1
melasma33_jpg.rf.da43cdce1ba12664b612f3d856aff6f3.jpg,1
melasma45_jpg.rf.e356153b1dfd178d8055e8e257aaee32.jpg,1
melasma60_png_jpg.rf.e03bfb0832639c51ddc7214e39e6ac72.jpg,1
melasma57_png_jpg.rf.09d255e752a4f190712ca24f0258928e.jpg,1
melasma35_jpg.rf.a16bb7285e8228d9f1c6e8fbf8c1fab5.jpg,1
melasma6_jpg.rf.09d8e2b1f46449c94430e2d1a57d40ec.jpg,1
melasma72_png_jpg.rf.1e92c9f2b1e0156bb520983203b354ec.jpg,1
melasma2_jpg.rf.5e1f896f9ca6b697326f18bc02875563.jpg,1
melasma10_jpg.rf.2957ebf47a8103da04155d7a1320c737.jpg,1
melasma37_jpg.rf.5d17d1885e778650424e0d0cc3377852.jpg,1
Melasma25_jpg.rf.2e3782ce614b757e9d9850d86b4e43c4.jpg,1
melasma22_jpg.rf.b5c465571524772f3edbd127278c5183.jpg,1
melasma19_jpg.rf.c8bf502f3604d0ba7cf5166716a23bc4.jpg,1
melasma55_png_jpg.rf.e1cf4329ce9a2167bc527918cffedf56.jpg,1
melasma4_jpg.rf.0bb5367375f03c3a3f7106574c90317a.jpg,1
melasma11_jpg.rf.c3d81ae0ed61c00f0905351ee03fae86.jpg,1
melasma3_jpg.rf.13b5daee4bc888dcfe919209c276c260.jpg,1
melasma29_jpg.rf.40c416824beb6f82a7f12a2263fa7de2.jpg,1
melasma66_png_jpg.rf.c92db52a17e75879b1c6b5ab1c1baa5b.jpg,1
melasma54_png_jpg.rf.16aeb28db0183ba1271028bf42679c16.jpg,1
melasm73_png_jpg.rf.45431510a5b28018373e1b1fbc0bca16.jpg,1
melasma8_jpg.rf.b4e5c6e1af45bfd9292d884e9e3c0db1.jpg,1
melasma65_png_jpg.rf.dac88a986587e73414d1594db054f763.jpg,1
melasma57_png_jpg.rf.6e942f1b5335f8dea40e41efc69efed8.jpg,1
melasma30_jpg.rf.d081c38eeaf634bb537661c953f215e5.jpg,1
melasma34_jpg.rf.0ace0b53e08d2010a6321de41d743c38.jpg,1
melasma1_jpg.rf.e2d798f96238708fc6237855dc8cd1cd.jpg,1
melasma19_jpg.rf.96d65bf1bd9b4cfbc1a7c56ba5070da7.jpg,1
melasma10_jpg.rf.21abf00477dcc9eafa9a79f5341e9f26.jpg,1
melasma63_png_jpg.rf.c9bf8d250aea9fe62ecd77d3833be180.jpg,1
melasma3_jpg.rf.bd6f7d87f30c8456faaffd1cb2f1c5f0.jpg,1
melasma68_png_jpg.rf.30feb5cced0111dc4678e6bf7c3767f3.jpg,1
melasma59_png_jpg.rf.81e11244f5f79c6eda31b68ae3c6b194.jpg,1
melasma51_png_jpg.rf.49c975350724eec26b1c94e614de443e.jpg,1
melasma7_jpg.rf.a28599f09364b876f1f8208daeebb231.jpg,1
melasma20_jpg.rf.6b8f919b18ebf51ca2e266cbf15ab141.jpg,1
melasma61_png_jpg.rf.52575669cb7de42c5194dc26b5ecd7a3.jpg,1
melasma18_jpg.rf.78cfb783b4336c2b980201abf3ac3315.jpg,1
melasma7_jpg.rf.b4b07d9bff334749f2b408c3c583fced.jpg,1
melasma44_jpg.rf.cd63522a6bcebc0f71cda897e35110ca.jpg,1
melasma63_png_jpg.rf.be5ec00de914f2b38b80d94fbbc6264e.jpg,1
melasma11_jpg.rf.268d80d827fef329b531501ec50d6761.jpg,1
melasma8_jpg.rf.64af35ced902de1c22993108af3383a4.jpg,1
melasma22_jpg.rf.4575dff0d5dece3b3e3b844dc10bfbb2.jpg,1
melasma35_jpg.rf.e1d199b4f1004c329db800c9b1083f73.jpg,1
melasma4_jpg.rf.cf2178f3426c6f251fc2b5e2d29db1ff.jpg,1
melasma37_jpg.rf.c149d861bb5ea7c62d93ca7fda2d711b.jpg,1
melasma55_png_jpg.rf.d9b3546eedd1b6f4421978be12c36ba7.jpg,1
melasma72_png_jpg.rf.2f2d9d61f104106f1935fb9771e1ed03.jpg,1
melasma34_jpg.rf.196f8c0b51821b6f710f662e3bb091ea.jpg,1
melasma56_png_jpg.rf.d59fef0a7cb37e653e93d088304a5915.jpg,1
melasma66_png_jpg.rf.0596204f5346702813495e847a7b491c.jpg,1
melasma2_jpg.rf.ac1173c356c2756b87f971acd6908d1b.jpg,1
melasma64_png_jpg.rf.d9fffceef4fb41a8bf2563580ff9ab50.jpg,1
melasma35_jpg.rf.986b18717f03afd07179f4befc51d23e.jpg,1
melasma72_png_jpg.rf.088d6243842afe4bfd827db3a4f002c0.jpg,1
melasm73_png_jpg.rf.356e15a6db4735992618d062197d3869.jpg,1
melasma65_png_jpg.rf.6be7ef8d553ffa4cf48604bcc56ccd66.jpg,1
melasma56_png_jpg.rf.d481cdf5055540b5439ea8c9f5a9feae.jpg,1
melasma64_png_jpg.rf.68f509dfabc91220763ee7f90a2c6fc1.jpg,1
Melasma25_jpg.rf.62b4d7b73061a33ff657397d78aa370f.jpg,1
melasma48_png_jpg.rf.cbfda5d6c6188c2d2760472853468616.jpg,1
melasma22_jpg.rf.b6e77b92dad1d45923607f216147dfd9.jpg,1
melasma55_png_jpg.rf.f9b0c3e6907fca7e70cd237447608559.jpg,1
melasma62_png_jpg.rf.fcc8224f8893f4dab52dfc4b83fedff2.jpg,1
melasma51_png_jpg.rf.295a72507f61c7df19032d72b5c6a7c6.jpg,1
melasma54_png_jpg.rf.0f721019e75eba05804183731d2a8d4e.jpg,1
melasma33_jpg.rf.297c27d34592f4cb9fac3df883d19d57.jpg,1
melasma31_jpg.rf.58673e14b74ba847cd8f21b3f7ed2faa.jpg,1
melasma53_png_jpg.rf.b3c37a05ab0086becbb4722c2d37770b.jpg,1
melasma28_jpg.rf.1da2a054207782192c9c4c9d95a18cb9.jpg,1
melasma1_jpg.rf.9777641125c709874798ec291cd4d43a.jpg,1
melasma61_png_jpg.rf.4a5bf92a58dfc12607da79e12172a7b7.jpg,1
melasma41_jpg.rf.4c6d165a7d66a5c1d9a9d0ab92c6be3b.jpg,1
melasma37_jpg.rf.1c41324f7af3d2f8e0c98669b5ea4031.jpg,1
melasma60_png_jpg.rf.af5e9edb36488c57a50f192bfbb86f16.jpg,1
melasma39_jpg.rf.2c7919bc6389a4de84fdf6353330f49b.jpg,1
melasma48_png_jpg.rf.7351aa21a597cab9c41d8df8091a552a.jpg,1
melasma71_png_jpg.rf.8fd906b8ce977fa341dd59414d930034.jpg,1
melasma57_png_jpg.rf.016c08d51cff8235286bda3390a8d631.jpg,1
melasma27_jpg.rf.9a057cc901ff586e68951683227cfffc.jpg,1
melasma46_jpg.rf.c93f1638f35bebc1f5c17fc69e3d632c.jpg,1
melasma17_jpg.rf.54d7cce6c90c72b5f0bc6b463efcd680.jpg,1
melasma6_jpg.rf.88243ca46edb0f913a408e39ff249fe7.jpg,1
melasma4_jpg.rf.dbbc46ad561f82f17b33f7f8faebb4f5.jpg,1
melasma45_jpg.rf.24b5f9281fb32fcb069baf31501791a1.jpg,1
melasma30_jpg.rf.7cfbc09cc530394ae7e3dfb553fdd8aa.jpg,1
melasma68_png_jpg.rf.ea5df01ff208fcc9b2b3e77ffef731a7.jpg,1
melasma65_png_jpg.rf.d4f8b9aa944804c7f36ba4f90ed398ed.jpg,1
melasma7_jpg.rf.e85fcc32eab2b0cf6599d92118a1bc77.jpg,1
melasma20_jpg.rf.c4e3dee4e3115bcb598ad2b9da7b70b3.jpg,1
melasma19_jpg.rf.d0236eb57cd380144c3dcc7c65723d86.jpg,1
melasma18_jpg.rf.de059dfac538475b8a4338d36a68d5d6.jpg,1
melasma44_jpg.rf.545016d5b2c5e987e1ebb65eebbdd575.jpg,1
melasma2_jpg.rf.6b6012a47f02f0524a9c1111a8af6e6d.jpg,1
melasma17_jpg.rf.e712552997d90bb4584e94df59d5aec2.jpg,1
melasma10_jpg.rf.4e4ce803573876f58aa28c8c284f96d6.jpg,1
melasma29_jpg.rf.0bd58205d12df52778dbdb38ddbcdf5f.jpg,1
melasma63_png_jpg.rf.bc8a6808812a9ec2c65847d3f64acbab.jpg,1
melasma11_jpg.rf.c9e5f5bc5aae7346c37d352f37c90b61.jpg,1
melasma8_jpg.rf.567cefece8f2f17443af2543d0ce2f8b.jpg,1
melasma59_png_jpg.rf.0ff108ed5f9ba16397c216374038f603.jpg,1
melasma34_jpg.rf.8416f927d2e2b9125cfc57d8aad7824f.jpg,1
melasma54_png_jpg.rf.ad88c86d4522b589a714d36120f6d288.jpg,1
melasma3_jpg.rf.198ebb33e842171730c4110abb96cc31.jpg,1
melasma20_jpg.rf.2de6387cba2ca5c1719afe29ca19141c.jpg,1
melasma59_png_jpg.rf.b2c064683c055b9c27f22ad6de4b5df0.jpg,1
melasm73_png_jpg.rf.18ceb52ceda88ee60ab01544288200bc.jpg,1
melasma66_png_jpg.rf.8d06821dd5e2ea14a01db2b914d9aa7a.jpg,1
melasma51_png_jpg.rf.d09e4cfc69922af8498981dc141727d1.jpg,1